{
    "Items": [
        {
            "lightPosition": {
                "x": 0.0,
                "y": 3.0,
                "z": 0.0
            },
            "lightRotation": {
                "x": 0.4082178771495819,
                "y": -0.23456968367099763,
                "z": 0.10938163101673126,
                "w": 0.8754261136054993
            },
            "cameraPosition": {
                "x": 0.0,
                "y": 30.0,
                "z": -160.0
            },
            "cameraRotation": {
                "x": 0.0,
                "y": 0.0,
                "z": 0.0,
                "w": 1.0
            }
        }
    ]
}